Year,Quarter,Decade,Month,Day,Effective Federal Funds Rate,Unemployment Rate,Inflation Rate (CPI-U),Crude Oil Spot Price,Consumer Sentiment Index (100 = 1966Q1),Real GDP (Billions of chained 2012 dollars),Thousands of New Housing Building Permits,Home Price Index (100 = Jan 2000),Nasdaq 100 Index,Recession Indicator (1 = recession),CPI-U Index (1970Q1 = 100)
1970,1,1970,1,1,9.38,3.9,6.2,3.35,78.1,4939.759,1062,,,1,100
1970,1,1970,2,1,8.5,4.2,6.4,3.35,78.1,4939.759,1118,,,1,100.5
1970,1,1970,3,1,7.5,4.4,6.1,3.35,78.1,4939.759,1132,,,1,101.1
1970,2,1970,4,1,8.5,4.6,6.1,3.35,75.4,4946.77,1224,,,1,101.6
1970,2,1970,5,1,7.88,4.8,6,3.35,75.4,4946.77,1328,,,1,101.8
1970,2,1970,6,1,5.75,4.9,6,3.35,75.4,4946.77,1322,,,1,102.4
1970,3,1970,7,1,6.75,5,5.7,3.31,77.6,4992.357,1324,,,1,102.6
1970,3,1970,8,1,6.5,5.1,5.7,3.31,77.6,4992.357,1394,,,1,102.9
1970,3,1970,9,1,5,5.4,5.7,3.31,77.6,4992.357,1426,,,1,103.4
1970,4,1970,10,1,6.13,5.5,5.6,3.31,72.4,4938.857,1564,,,1,104
1970,4,1970,11,1,5.5,5.9,5.6,3.31,72.4,4938.857,1502,,,1,104.5
1970,4,1970,12,1,3,6.1,5.6,3.56,72.4,4938.857,1767,,,1,105
1971,1,1970,1,1,4,5.9,5.3,3.56,78.1,5072.996,1643,,,0,105.3
1971,1,1970,2,1,3.38,5.9,4.7,3.56,78.1,5072.996,1588,,,0,105.3
1971,1,1970,3,1,4.5,6,4.4,3.56,78.1,5072.996,1759,,,0,105.5
1971,2,1970,4,1,4.25,5.9,4.2,3.56,80.2,5100.447,1745,,,0,105.8
1971,2,1970,5,1,4.88,5.9,4.4,3.56,80.2,5100.447,1972,,,0,106.3
1971,2,1970,6,1,4.75,5.9,4.4,3.56,80.2,5100.447,1903,,,0,106.9
1971,3,1970,7,1,5.5,6,4.4,3.56,82.1,5142.422,2069,,,0,107.1
1971,3,1970,8,1,5.75,6.1,4.4,3.56,82.1,5142.422,2004,,,0,107.4
1971,3,1970,9,1,5.38,6,4.1,3.56,82.1,5142.422,1996,,,0,107.7
1971,4,1970,10,1,5.13,5.8,3.8,3.56,82,5154.547,2026,,,0,107.9
1971,4,1970,11,1,4.25,6,3.5,3.56,82,5154.547,2079,,,0,108.2
1971,4,1970,12,1,3,6,3.3,3.56,82,5154.547,2133,,,0,108.4
1972,1,1970,1,1,3.13,5.8,3.3,3.56,92.8,5249.337,2238,,,0,108.7
1972,1,1970,2,1,3.25,5.7,3.8,3.56,92.8,5249.337,2169,,,0,109.2
1972,1,1970,3,1,4,5.8,3.5,3.56,92.8,5249.337,2105,,,0,109.2
1972,2,1970,4,1,4.31,5.7,3.5,3.56,88.6,5368.485,2139,,,0,109.5
1972,2,1970,5,1,4.75,5.7,3.2,3.56,88.6,5368.485,2067,,,0,109.8
1972,2,1970,6,1,4.5,5.7,3,3.56,88.6,5368.485,2183,,,0,110
1972,3,1970,7,1,4.5,5.6,3,3.56,95.2,5419.184,2195,,,0,110.3
1972,3,1970,8,1,5.13,5.6,2.9,3.56,95.2,5419.184,2263,,,0,110.6
1972,3,1970,9,1,4.88,5.5,3.2,3.56,95.2,5419.184,2393,,,0,111.1
1972,4,1970,10,1,4.88,5.6,3.2,3.56,90.7,5509.926,2354,,,0,111.3
1972,4,1970,11,1,5.19,5.3,3.4,3.56,90.7,5509.926,2234,,,0,111.9
1972,4,1970,12,1,5.5,5.2,3.4,3.56,90.7,5509.926,2419,,,0,112.1
1973,1,1970,1,1,6.5,4.9,3.6,3.56,81.9,5646.286,2271,,,0,112.7
1973,1,1970,2,1,7.5,5,3.9,3.56,81.9,5646.286,2226,,,0,113.5
1973,1,1970,3,1,7.38,4.9,4.8,3.56,81.9,5646.286,2062,,,0,114.5
1973,2,1970,4,1,7.63,5,5.3,3.56,77,5707.755,1908,,,0,115.3
1973,2,1970,5,1,8.13,4.9,5.5,3.56,77,5707.755,1931,,,0,115.8
1973,2,1970,6,1,8.88,4.9,6,3.56,77,5707.755,2051,,,0,116.6
1973,3,1970,7,1,11.22,4.8,5.7,3.56,72,5677.738,1819,,,0,116.6
1973,3,1970,8,1,11.22,4.8,7.4,4.31,72,5677.738,1809,,,0,118.7
1973,3,1970,9,1,10.82,4.8,7.4,4.31,72,5677.738,1704,,,0,119.3
1973,4,1970,10,1,10.61,4.6,8.1,4.31,76.5,5731.632,1411,,,0,120.3
1973,4,1970,11,1,10.34,4.8,8.3,4.31,76.5,5731.632,1402,,,0,121.1
1973,4,1970,12,1,9.83,4.9,8.9,4.31,76.5,5731.632,1288,,,0,122.2
1974,1,1970,1,1,9.31,5.1,9.6,10.11,61.8,5682.353,1331,,,1,123.5
1974,1,1970,2,1,8.87,5.2,10,10.11,61.8,5682.353,1360,,,1,124.8
1974,1,1970,3,1,9.95,5.1,10.1,10.11,61.8,5682.353,1440,,,1,126.1
1974,2,1970,4,1,11,5.1,10.1,10.11,72.1,5695.859,1254,,,1,126.9
1974,2,1970,5,1,11.64,5.1,10.7,10.11,72.1,5695.859,1138,,,1,128.2
1974,2,1970,6,1,13.31,5.4,10.9,10.11,72.1,5695.859,1086,,,1,129.3
1974,3,1970,7,1,12.06,5.5,11.5,10.11,64.4,5642.025,1002,,,1,130.1
1974,3,1970,8,1,11.6,5.5,10.9,10.11,64.4,5642.025,917,,,1,131.7
1974,3,1970,9,1,11.11,5.9,11.9,10.11,64.4,5642.025,840,,,1,133.5
1974,4,1970,10,1,9.66,6,11.8,11.16,59.5,5620.126,824,,,1,134.6
1974,4,1970,11,1,9.47,6.6,12.2,11.16,59.5,5620.126,783,,,1,135.9
1974,4,1970,12,1,3.87,7.2,12.1,11.16,59.5,5620.126,869,,,1,136.9
1975,1,1970,1,1,6.76,8.1,11.8,11.16,57.6,5551.713,726,,,1,138
1975,1,1970,2,1,6.07,8.1,11.2,11.16,57.6,5551.713,729,,,1,138.8
1975,1,1970,3,1,5.39,8.6,10.5,11.16,57.6,5551.713,709,,,1,139.3
1975,2,1970,4,1,7.03,8.8,10.2,11.16,72.8,5591.382,866,,,0,139.8
1975,2,1970,5,1,5.23,9,9.3,11.16,72.8,5591.382,914,,,0,140.1
1975,2,1970,6,1,5.97,8.8,9.2,11.16,72.8,5591.382,946,,,0,141.2
1975,3,1970,7,1,6.23,8.6,9.5,11.16,75.7,5687.087,1020,,,0,142.5
1975,3,1970,8,1,6.13,8.4,8.6,11.16,75.7,5687.087,994,,,0,143
1975,3,1970,9,1,6.22,8.4,7.9,11.16,75.7,5687.087,1064,,,0,144.1
1975,4,1970,10,1,5.65,8.4,7.6,11.16,75.6,5763.665,1096,,,0,144.9
1975,4,1970,11,1,5.29,8.3,7.4,11.16,75.6,5763.665,1110,,,0,145.9
1975,4,1970,12,1,5.37,8.2,7.1,11.16,75.6,5763.665,1091,,,0,146.7
1976,1,1970,1,1,4.84,7.9,6.7,11.16,84.6,5893.276,1195,,,0,147.2
1976,1,1970,2,1,4.89,7.7,6.3,12.03,84.6,5893.276,1190,,,0,147.5
1976,1,1970,3,1,5.07,7.6,6.1,12.1,84.6,5893.276,1164,,,0,147.8
1976,2,1970,4,1,5.1,7.7,5.8,12.17,83.3,5936.515,1132,,,0,148
1976,2,1970,5,1,5.67,7.4,6.2,12.17,83.3,5936.515,1194,,,0,148.8
1976,2,1970,6,1,5.71,7.6,6,12.17,83.3,5936.515,1188,,,0,149.6
1976,3,1970,7,1,5.32,7.8,5.6,12.17,89.7,5969.089,1245,,,0,150.4
1976,3,1970,8,1,5.31,7.8,5.7,12.17,89.7,5969.089,1309,,,0,151.2
1976,3,1970,9,1,5.31,7.6,5.5,13.9,89.7,5969.089,1481,,,0,152
1976,4,1970,10,1,5.02,7.7,5.5,13.9,87,6012.356,1425,,,0,152.8
1976,4,1970,11,1,4.69,7.8,5.1,13.9,87,6012.356,1531,,,0,153.3
1976,4,1970,12,1,4.17,7.8,5,13.9,87,6012.356,1511,,,0,154.1
1977,1,1970,1,1,4.65,7.5,5.2,13.9,87.1,6083.391,1466,,,0,154.9
1977,1,1970,2,1,4.73,7.6,6.1,13.9,87.1,6083.391,1560,,,0,156.5
1977,1,1970,3,1,4.72,7.4,6.4,13.9,87.1,6083.391,1660,,,0,157.3
1977,2,1970,4,1,5.12,7.2,7,13.9,90.2,6201.659,1660,,,0,158.3
1977,2,1970,5,1,5.47,7,6.7,13.9,90.2,6201.659,1668,,,0,158.8
1977,2,1970,6,1,5.64,7.2,6.7,13.9,90.2,6201.659,1752,,,0,159.6
1977,3,1970,7,1,5.86,6.9,6.7,13.9,89,6313.559,1687,,,0,160.4
1977,3,1970,8,1,6.03,7,6.6,14.85,89,6313.559,1780,,,0,161.2
1977,3,1970,9,1,6.46,6.8,6.4,14.85,89,6313.559,1674,,,0,161.7
1977,4,1970,10,1,6.6,6.8,6.4,14.85,84.4,6313.697,1758,,,0,162.5
1977,4,1970,11,1,6.56,6.8,6.7,14.85,84.4,6313.697,1771,,,0,163.6
1977,4,1970,12,1,6.53,6.4,6.7,14.85,84.4,6313.697,1754,,,0,164.4
1978,1,1970,1,1,6.79,6.4,6.8,14.85,83.7,6333.848,1740,,,0,165.4
1978,1,1970,2,1,6.83,6.3,6.2,14.85,84.3,6333.848,1736,,,0,166.2
1978,1,1970,3,1,6.97,6.3,6.4,14.85,78.8,6333.848,1799,,,0,167.3
1978,2,1970,4,1,7.25,6.1,6.5,14.85,81.6,6578.605,1948,,,0,168.6
1978,2,1970,5,1,7.43,6,7.1,14.85,82.9,6578.605,1766,,,0,170.2
1978,2,1970,6,1,8.01,5.9,7.4,14.85,80,6578.605,1983,,,0,171.5
1978,3,1970,7,1,8,6.2,7.7,14.85,82.4,6644.754,1786,,,0,172.8
1978,3,1970,8,1,8.4,5.9,7.9,14.85,78.4,6644.754,1691,,,0,173.9
1978,3,1970,9,1,8.9,6,8.5,14.85,80.4,6644.754,1751,,,0,175.5
1978,4,1970,10,1,9.35,5.8,8.9,14.85,79.3,6734.069,1781,,,0,177
1978,4,1970,11,1,9.94,5.9,8.9,14.85,75,6734.069,1795,,,0,178.1
1978,4,1970,12,1,10.84,6,9,14.85,66.1,6734.069,1818,,,0,179.2
1979,1,1970,1,1,10.57,5.9,9.3,14.85,72.1,6746.176,1461,,,0,180.7
1979,1,1970,2,1,10.24,5.9,9.8,15.85,73.9,6746.176,1492,,,0,182.6
1979,1,1970,3,1,10.07,5.8,10.3,15.85,68.4,6746.176,1720,,,0,184.4
1979,2,1970,4,1,10.43,5.8,10.5,15.85,66,6753.389,1597,,,0,186.3
1979,2,1970,5,1,10.31,5.6,10.7,18.1,68.1,6753.389,1684,,,0,188.4
1979,2,1970,6,1,10.54,5.7,11.1,19.1,65.8,6753.389,1640,,,0,190.5
1979,3,1970,7,1,10.81,5.7,11.5,21.75,60.4,6803.558,1534,,,0,192.6
1979,3,1970,8,1,11.29,6,11.8,26.5,64.5,6803.558,1591,,,0,194.5
1979,3,1970,9,1,12.16,5.9,11.9,28.5,66.7,6803.558,1638,,,0,196.3
1979,4,1970,10,1,14.82,6,12.1,29,62.1,6820.572,1481,,,0,198.4
1979,4,1970,11,1,13.96,5.9,12.6,31,63.3,6820.572,1276,,,0,200.5
1979,4,1970,12,1,14.77,6,13.3,32.5,61,6820.572,1254,,,0,202.9
1980,1,1980,1,1,13.4,6.3,13.9,32.5,67,6842.024,1280,,,0,205.8
1980,1,1980,2,1,16.33,6.3,14.2,37,66.9,6842.024,1199,,,1,208.4
1980,1,1980,3,1,19.85,6.3,14.6,38,56.5,6842.024,988,,,1,211.3
1980,2,1980,4,1,14.64,6.9,14.6,39.5,52.7,6701.046,808,,,1,213.5
1980,2,1980,5,1,11.06,7.5,14.4,39.5,51.7,6701.046,861,,,1,215.6
1980,2,1980,6,1,10.44,7.6,14.3,39.5,58.7,6701.046,1118,,,1,217.7
1980,3,1980,7,1,9.93,7.8,13.2,39.5,62.3,6693.082,1259,,,1,217.9
1980,3,1980,8,1,10.74,7.7,12.9,38,67.3,6693.082,1367,,,0,219.5
1980,3,1980,9,1,13.19,7.5,12.8,36,73.7,6693.082,1484,,,0,221.4
1980,4,1980,10,1,13.77,7.5,12.6,36,75,6817.903,1366,,,0,223.5
1980,4,1980,11,1,18.56,7.5,12.6,36,76.7,6817.903,1383,,,0,225.9
1980,4,1980,12,1,22,7.2,12.4,37,64.5,6817.903,1249,,,0,228
1981,1,1980,1,1,17.25,7.5,11.8,38,71.4,6951.495,1221,,,0,230.1
1981,1,1980,2,1,15.53,7.4,11.4,38,66.9,6951.495,1199,,,0,232.2
1981,1,1980,3,1,14.63,7.4,10.6,38,66.5,6951.495,1183,,,0,233.8
1981,2,1980,4,1,18.92,7.2,10.1,38,72.4,6899.98,1190,,,0,235.1
1981,2,1980,5,1,17.56,7.5,9.8,38,76.3,6899.98,1173,,,0,236.7
1981,2,1980,6,1,18.64,7.5,9.7,36,73.1,6899.98,976,,,0,238.8
1981,3,1980,7,1,17.46,7.2,10.8,36,74.1,6982.609,935,,,0,241.4
1981,3,1980,8,1,16.83,7.4,10.8,36,77.2,6982.609,889,,,1,243.3
1981,3,1980,9,1,16.58,7.6,11,36,73.1,6982.609,847,,,1,245.6
1981,4,1980,10,1,14.44,7.9,10.3,35,70.3,6906.529,731,,,1,246.4
1981,4,1980,11,1,12.44,8.3,9.6,36,62.5,6906.529,748,,,1,247.5
1981,4,1980,12,1,13.13,8.5,8.9,35,64.3,6906.529,796,,,1,248.3
1982,1,1980,1,1,14.21,8.6,8.3,33.85,71,6799.233,794,,,1,249.1
1982,1,1980,2,1,13.74,8.9,7.6,31.56,66.5,6799.233,808,,,1,249.9
1982,1,1980,3,1,16.8,9,6.9,28.48,62,6799.233,891,,,1,249.9
1982,2,1980,4,1,15.28,9.3,6.6,33.45,65.5,6830.251,888,,,1,250.7
1982,2,1980,5,1,13.38,9.4,6.9,35.93,67.5,6830.251,953,,,1,253
1982,2,1980,6,1,14.58,9.6,7.2,35.07,65.7,6830.251,913,,,1,255.9
1982,3,1980,7,1,11.41,9.8,6.6,34.16,65.4,6804.139,1044,,,1,257.3
1982,3,1980,8,1,10.63,9.8,6,33.95,65.4,6804.139,926,,,1,257.8
1982,3,1980,9,1,12.17,10.1,4.9,35.63,69.3,6804.139,1042,,,1,257.8
1982,4,1980,10,1,9.41,10.4,5,35.68,73.4,6806.857,1149,,,1,258.8
1982,4,1980,11,1,8.93,10.8,4.5,34.15,72.1,6806.857,1229,,,1,258.6
1982,4,1980,12,1,11.2,10.8,3.8,31.72,71.9,6806.857,1351,,,0,257.8
1983,1,1980,1,1,8.56,10.4,3.7,31.19,70.4,6896.561,1426,,,0,258.3
1983,1,1980,2,1,8.53,10.4,3.5,28.95,74.6,6896.561,1471,,,0,258.6
1983,1,1980,3,1,10.81,10.3,3.6,28.82,80.8,6896.561,1475,,,0,258.8
1983,2,1980,4,1,8.84,10.2,4,30.61,89.1,7053.5,1566,,,0,260.7
1983,2,1980,5,1,8.94,10.1,3.4,30,93.3,7053.5,1669,,,0,261.7
1983,2,1980,6,1,10.06,10.1,2.5,31,92.2,7053.5,1769,,,0,262.3
1983,3,1980,7,1,9.52,9.4,2.4,31.66,92.8,7194.504,1795,,,0,263.3
1983,3,1980,8,1,9.59,9.5,2.5,31.91,90.9,7194.504,1713,,,0,264.1
1983,3,1980,9,1,10.59,9.2,2.8,31.11,89.9,7194.504,1585,,,0,264.9
1983,4,1980,10,1,9.43,8.8,2.8,30.41,89.3,7344.597,1716,,,0,266
1983,4,1980,11,1,9.34,8.5,3.2,29.84,91.1,7344.597,1668,,,0,266.8
1983,4,1980,12,1,9.92,8.3,3.8,29.24,94.2,7344.597,1627,,,0,267.5
1984,1,1980,1,1,9.35,8,4.3,29.69,100.1,7488.167,1816,,,0,269.4
1984,1,1980,2,1,9.45,7.8,4.7,30.145,97.4,7488.167,1987,,,0,270.7
1984,1,1980,3,1,10.24,7.8,4.9,30.761,101,7488.167,1725,,,0,271.5
1984,2,1980,4,1,10.9,7.7,4.6,30.618,96.1,7617.547,1776,,,0,272.6
1984,2,1980,5,1,10.81,7.4,4.3,30.52,98.1,7617.547,1741,,,0,273.1
1984,2,1980,6,1,10.85,7.2,4.3,29.967,95.5,7617.547,1814,,,0,273.6
1984,3,1980,7,1,11.83,7.5,4.3,28.752,96.6,7690.985,1605,,,0,274.7
1984,3,1980,8,1,11.64,7.5,4.3,29.25,99.1,7690.985,1530,,,0,275.5
1984,3,1980,9,1,11.23,7.3,4.3,29.311,100.9,7690.985,1523,,,0,276.3
1984,4,1980,10,1,9.99,7.4,4.3,28.765,96.3,7754.117,1490,,,0,277.3
1984,4,1980,11,1,8.92,7.2,4.2,28.098,95.7,7754.117,1643,,,0,277.8
1984,4,1980,12,1,8.74,7.3,4,25.429,92.9,7754.117,1626,,,0,278.4
1985,1,1980,1,1,8.73,7.3,3.5,25.641,96,7829.26,1660,,,0,278.9
1985,1,1980,2,1,8.74,7.2,3.6,27.271,93.7,7829.26,1662,,,0,280.5
1985,1,1980,3,1,8.58,7.2,3.8,28.238,93.7,7829.26,1727,,,0,281.8
1985,2,1980,4,1,8.58,7.3,3.6,28.805,94.6,7898.194,1664,,,0,282.3
1985,2,1980,5,1,7.64,7.2,3.6,27.623,91.8,7898.194,1709,,,0,282.8
1985,2,1980,6,1,7.95,7.4,3.7,27.143,96.5,7898.194,1716,,,0,283.6
1985,3,1980,7,1,8.61,7.4,3.5,27.329,94,8018.809,1697,,,0,284.2
1985,3,1980,8,1,7.8,7.1,3.4,27.755,92.4,8018.809,1808,,,0,284.7
1985,3,1980,9,1,8.84,7.1,3.2,28.289,92.1,8018.809,1916,,,0,285.2
1985,4,1980,10,1,8.08,7.1,3.2,29.538,88.4,8078.415,1743,,,0,286.3
1985,4,1980,11,1,8.54,7,3.5,30.813,90.9,8078.415,1692,,,0,287.6
1985,4,1980,12,1,13.46,7,3.8,27.228,93.9,8078.415,1794,,,0,288.9
1986,1,1980,1,1,8.09,6.7,4,22.945,95.6,8153.829,1847,,131.038,0,290
1986,1,1980,2,1,7.95,7.2,3.2,15.442,95.9,8153.829,1767,,138.626,0,289.4
1986,1,1980,3,1,8.06,7.2,2.2,12.618,95.1,8153.829,1780,,145.331,0,287.9
1986,2,1980,4,1,7.05,7.1,1.6,12.847,96.2,8190.552,1858,,154.24,0,286.8
1986,2,1980,5,1,6.84,7.2,1.7,15.444,94.8,8190.552,1797,,157.819,0,287.6
1986,2,1980,6,1,7.72,7.2,1.8,13.469,99.3,8190.552,1790,,160.7,0,288.7
1986,3,1980,7,1,6.35,7,1.7,11.575,97.7,8268.935,1780,,150.925,0,288.9
1986,3,1980,8,1,5.77,6.9,1.6,15.092,94.9,8268.935,1726,,147.533,0,289.2
1986,3,1980,9,1,6.9,7,1.8,14.913,91.9,8268.935,1686,,141.003,0,290.2
1986,4,1980,10,1,5.93,7,1.6,14.852,95.6,8313.338,1675,,140.81,0,290.8
1986,4,1980,11,1,6.03,6.9,1.3,15.207,91.4,8313.338,1644,,144.215,0,291.3
1986,4,1980,12,1,14.35,6.6,1.2,16.076,89.1,8313.338,1903,,145.194,0,292.3
1987,1,1980,1,1,6.28,6.6,1.4,18.656,90.4,8375.274,1690,63.732,160.763,0,293.9
1987,1,1980,2,1,6.02,6.6,1.9,17.726,90.2,8375.274,1689,64.132,177.256,0,295
1987,1,1980,3,1,6.23,6.6,2.8,18.305,90.8,8375.274,1704,64.468,185.722,0,296
1987,2,1980,4,1,7.63,6.3,3.7,18.643,92.8,8465.63,1601,64.972,184.873,0,297.4
1987,2,1980,5,1,6.63,6.3,3.7,19.415,91.1,8465.63,1500,65.547,186.989,0,298.2
1987,2,1980,6,1,6.56,6.2,3.7,20.034,91.5,8465.63,1522,66.218,189.447,0,299.5
1987,3,1980,7,1,6.75,6.1,3.9,21.355,93.7,8539.075,1516,66.785,192.395,0,300.3
1987,3,1980,8,1,6.95,6,4.3,20.274,94.4,8539.075,1511,67.268,205.972,0,301.6
1987,3,1980,9,1,8.38,5.9,4.3,19.526,93.6,8539.075,1514,67.621,203.522,0,302.6
1987,4,1980,10,1,6.62,6,4.4,19.848,89.3,8685.694,1447,67.899,175.855,0,303.4
1987,4,1980,11,1,7.19,5.8,4.5,18.92,83.1,8685.694,1457,68.089,145.696,0,304.5
1987,4,1980,12,1,6.89,5.7,4.3,17.241,86.8,8685.694,1345,68.342,146.55,0,305
1988,1,1980,1,1,6.79,5.7,4.1,17.16,90.8,8730.569,1244,68.581,158.324,0,306.1
1988,1,1980,2,1,6.67,5.7,3.9,16.765,91.6,8730.569,1438,68.914,164.385,0,306.6
1988,1,1980,3,1,6.83,5.7,3.8,16.217,94.6,8730.569,1525,69.322,177.183,0,307.4
1988,2,1980,4,1,6.98,5.4,4,17.875,91.2,8845.28,1429,69.786,175.562,0,309.2
1988,2,1980,5,1,7.48,5.6,4,17.438,94.8,8845.28,1444,70.406,173.002,0,310
1988,2,1980,6,1,8.27,5.4,4,16.53,94.7,8845.28,1485,71.065,183.902,0,311.3
1988,3,1980,7,1,7.84,5.4,4.1,15.498,93.4,8897.107,1439,71.684,185.611,0,312.7
1988,3,1980,8,1,8.14,5.6,4.1,15.524,97.4,8897.107,1460,72.184,174.494,0,314
1988,3,1980,9,1,8.54,5.4,4.2,14.467,97.3,8897.107,1436,72.573,175.527,0,315.3
1988,4,1980,10,1,8.39,5.4,4.3,13.798,94.1,9015.661,1516,72.821,176.249,0,316.4
1988,4,1980,11,1,8.5,5.3,4.2,13.977,93,9015.661,1508,73.064,169.347,0,317.4
1988,4,1980,12,1,9.04,5.3,4.4,16.266,91.9,9015.661,1501,73.277,173.529,0,318.5
1989,1,1980,1,1,9.14,5.4,4.5,17.983,97.9,9107.314,1466,73.617,179.627,0,319.8
1989,1,1980,2,1,9.87,5.2,4.6,17.826,95.4,9107.314,1383,73.968,187.477,0,320.8
1989,1,1980,3,1,9.79,5,4.9,19.445,94.3,9107.314,1214,74.41,184.177,0,322.4
1989,2,1980,4,1,9.82,5.2,5,21.04,91.5,9176.827,1376,74.868,193.503,0,324.8
1989,2,1980,5,1,10.48,5.2,5.3,20.032,90.7,9176.827,1381,75.296,207.726,0,326.4
1989,2,1980,6,1,9.63,5.3,5.2,20.005,90.6,9176.827,1322,75.696,213.984,0,327.4
1989,3,1980,7,1,8.94,5.2,5.1,19.644,92,9244.816,1283,76.04,210.524,0,328.5
1989,3,1980,8,1,8.92,5.2,4.6,18.522,89.6,9244.816,1334,76.271,217.337,0,328.5
1989,3,1980,9,1,9.24,5.3,4.4,19.594,95.8,9244.816,1314,76.42,223.434,0,329.3
1989,4,1980,10,1,8.89,5.3,4.6,20.091,93.9,9263.033,1365,76.488,228.319,0,330.9
1989,4,1980,11,1,8.6,5.4,4.7,19.82,90.9,9263.033,1344,76.522,221.849,0,332.2
1989,4,1980,12,1,7.97,5.4,4.6,21.088,90.5,9263.033,1422,76.498,219.626,0,333.2
1990,1,1990,1,1,8.26,5.4,5.2,22.641,93,9364.259,1748,76.527,212.402,0,336.4
1990,1,1990,2,1,8.29,5.3,5.3,22.108,89.5,9364.259,1329,76.587,206.174,0,337.7
1990,1,1990,3,1,8.3,5.2,5.2,20.418,91.3,9364.259,1246,76.79,213.725,0,339.3
1990,2,1990,4,1,8.23,5.4,4.7,18.582,93.9,9398.243,1136,77.038,211.235,0,340.1
1990,2,1990,5,1,8.23,5.4,4.4,18.237,90.6,9398.243,1067,77.296,224.045,0,340.6
1990,2,1990,6,1,8.32,5.2,4.7,16.871,88.3,9398.243,1108,77.504,237.513,0,342.7
1990,3,1990,7,1,8.05,5.5,4.8,18.638,88.2,9404.494,1078,77.559,235.101,0,344.3
1990,3,1990,8,1,8.06,5.7,5.7,27.174,76.4,9404.494,1069,77.477,199.944,1,347.2
1990,3,1990,9,1,8.03,5.9,6.2,33.687,72.8,9404.494,976,77.227,186.855,1,349.6
1990,4,1990,10,1,9.52,5.9,6.4,35.922,63.9,9318.876,925,76.911,174.609,1,352
1990,4,1990,11,1,7.61,6.2,6.2,32.3,66,9318.876,941,76.38,184.73,1,352.8
1990,4,1990,12,1,5.53,6.3,6.3,27.337,65.5,9318.876,861,75.97,198.804,1,354.1
1991,1,1990,1,1,8.18,6.4,5.6,24.959,66.8,9275.276,786,75.531,207.527,1,355.4
1991,1,1990,2,1,6.99,6.6,5.3,20.523,70.4,9275.276,853,75.248,246.387,1,355.7
1991,1,1990,3,1,5.53,6.8,4.8,19.86,87.7,9275.276,911,75.135,257.729,1,355.7
1991,2,1990,4,1,5.98,6.7,4.8,20.823,81.8,9347.597,916,75.316,274.098,0,356.5
1991,2,1990,5,1,5.92,6.9,5,21.24,78.3,9347.597,991,75.768,267.232,0,357.8
1991,2,1990,6,1,6.74,6.9,4.7,20.195,82.1,9347.597,964,76.252,264.883,0,358.8
1991,3,1990,7,1,5.85,6.8,4.4,21.42,82.9,9394.834,973,76.515,262.581,0,359.4
1991,3,1990,8,1,5.5,6.9,3.8,21.688,82,9394.834,944,76.592,280.987,0,360.4
1991,3,1990,9,1,5.6,6.9,3.4,21.857,83,9394.834,974,76.574,282.986,0,361.5
1991,4,1990,10,1,5.23,7,2.8,23.228,78.3,9427.581,991,76.285,286.842,0,362
1991,4,1990,11,1,4.86,7,3.1,22.465,69.1,9427.581,984,76.03,290.117,0,363.6
1991,4,1990,12,1,4.09,7.3,3,19.517,68.2,9427.581,1061,75.844,302.38,0,364.6
1992,1,1990,1,1,4.4,7.3,2.7,18.82,67.5,9540.444,1077,75.698,343.375,0,364.9
1992,1,1990,2,1,4.13,7.4,2.8,18.995,68.8,9540.444,1146,75.653,345.256,0,365.7
1992,1,1990,3,1,4.07,7.4,3.2,18.916,76,9540.444,1082,75.812,336.833,0,367
1992,2,1990,4,1,3.85,7.4,3.2,20.243,77.2,9643.893,1054,76.079,312.446,0,367.8
1992,2,1990,5,1,3.8,7.6,3,20.94,79.2,9643.893,1056,76.397,309.42,0,368.6
1992,2,1990,6,1,4.53,7.8,3,22.375,80.4,9643.893,1057,76.601,302.895,0,369.7
1992,3,1990,7,1,3.37,7.7,3.2,21.759,76.6,9739.185,1089,76.71,304.625,0,370.7
1992,3,1990,8,1,3.51,7.6,3.1,21.35,76.1,9739.185,1075,76.73,300.979,0,371.5
1992,3,1990,9,1,4.47,7.6,3,21.902,75.6,9739.185,1114,76.626,313.322,0,372.3
1992,4,1990,10,1,3.04,7.3,3.3,21.688,73.3,9840.753,1132,76.596,316.48,0,373.9
1992,4,1990,11,1,3.45,7.4,3.1,20.342,85.3,9840.753,1118,76.577,342.644,0,374.9
1992,4,1990,12,1,2.66,7.4,3,19.407,91,9840.753,1176,76.462,355.961,0,375.5
1993,1,1990,1,1,3.02,7.3,3.3,19.075,89.3,9857.185,1177,76.394,372.512,0,376.8
1993,1,1990,2,1,3.18,7.1,3.2,20.053,86.6,9857.185,1148,76.326,358.934,0,377.6
1993,1,1990,3,1,3.83,7,3,20.347,85.9,9857.185,1056,76.382,356.224,0,378.1
1993,2,1990,4,1,3.01,7.1,3.2,20.27,85.6,9914.565,1104,76.66,341.085,0,379.4
1993,2,1990,5,1,3.02,7.1,3.2,19.94,80.3,9914.565,1112,77.03,358.693,0,380.5
1993,2,1990,6,1,3.92,7,3,19.07,81.5,9914.565,1130,77.515,363.846,0,380.7
1993,3,1990,7,1,3.07,6.9,2.8,17.866,77,9961.873,1174,77.883,357.351,0,381.3
1993,3,1990,8,1,3.19,6.8,2.8,18.009,77.3,9961.873,1230,78.129,365.546,0,382.1
1993,3,1990,9,1,3.99,6.7,2.8,17.514,77.9,9961.873,1251,78.196,372.586,0,382.6
1993,4,1990,10,1,3.03,6.8,2.8,18.145,82.7,10097.362,1287,78.17,385.555,0,384.2
1993,4,1990,11,1,3.16,6.6,2.7,16.699,81.2,10097.362,1357,78.168,386.738,0,385.2
1993,4,1990,12,1,2.85,6.5,2.8,14.51,88.2,10097.362,1461,78.112,391.892,0,386
1994,1,1990,1,1,3.68,6.6,2.5,15,94.3,10195.338,1390,78.197,407.588,0,386
1994,1,1990,2,1,3.49,6.6,2.5,14.78,93.2,10195.338,1269,78.204,406.101,0,387.1
1994,1,1990,3,1,4.18,6.5,2.7,14.66,91.5,10195.338,1342,78.348,406.639,0,388.1
1994,2,1990,4,1,3.73,6.4,2.4,16.38,92.6,10333.495,1392,78.7,373.322,0,388.4
1994,2,1990,5,1,4.6,6.1,2.3,17.88,92.8,10333.495,1396,79.207,371.911,0,389.2
1994,2,1990,6,1,5.96,6.1,2.5,19.07,91.2,10333.495,1357,79.7,370.078,0,390.2
1994,3,1990,7,1,4.29,6.1,2.7,19.65,89,10393.898,1335,80.062,362.852,0,391.6
1994,3,1990,8,1,4.7,6,2.9,18.38,91.7,10393.898,1377,80.316,381.633,0,393.1
1994,3,1990,9,1,5.44,5.9,3,17.46,91.5,10393.898,1412,80.338,395.263,0,393.9
1994,4,1990,10,1,4.9,5.8,2.6,17.71,92.7,10512.962,1397,80.302,397.999,0,394.2
1994,4,1990,11,1,5.66,5.6,2.6,18.1,91.6,10512.962,1340,80.168,406.61,0,395.3
1994,4,1990,12,1,4.94,5.5,2.6,17.16,95.1,10512.962,1396,80.077,396.304,0,396
1995,1,1990,1,1,5.86,5.6,2.9,17.99,97.6,10550.251,1282,80.025,408.007,0,397.1
1995,1,1990,2,1,6.1,5.4,2.9,18.53,95.1,10550.251,1254,79.991,425.107,0,398.2
1995,1,1990,3,1,6.3,5.4,2.8,18.55,90.3,10550.251,1226,80.077,444.035,0,398.9
1995,2,1990,4,1,6.06,5.8,3.1,19.87,92.5,10581.723,1259,80.369,453.099,0,400.5
1995,2,1990,5,1,6.17,5.6,3.1,19.74,89.8,10581.723,1271,80.691,484.352,0,401.3
1995,2,1990,6,1,6.11,5.6,3,18.42,92.7,10581.723,1305,81.068,517.553,0,402.1
1995,3,1990,7,1,5.97,5.7,2.8,17.3,94.4,10671.738,1354,81.411,568.208,0,402.6
1995,3,1990,8,1,5.93,5.7,2.6,18.03,96.2,10671.738,1386,81.653,575.515,0,403.4
1995,3,1990,9,1,6.2,5.6,2.5,18.23,88.9,10671.738,1421,81.737,594.547,0,404
1995,4,1990,10,1,5.97,5.5,2.7,17.44,90.2,10744.203,1400,81.726,579.722,0,405
1995,4,1990,11,1,6.11,5.6,2.6,17.99,88.2,10744.203,1430,81.63,595.761,0,405.5
1995,4,1990,12,1,4.73,5.6,2.5,19.04,91,10744.203,1442,81.512,580.94,0,406.1
1996,1,1990,1,1,5.71,5.6,2.8,18.88,89.3,10824.674,1387,81.426,563.394,0,408.2
1996,1,1990,2,1,6.05,5.5,2.7,19.07,88.5,10824.674,1420,81.398,622.697,0,409
1996,1,1990,3,1,5.25,5.5,2.8,21.36,93.7,10824.674,1437,81.665,610.038,0,410.3
1996,2,1990,4,1,5.5,5.6,2.8,23.57,92.7,11005.217,1463,82.124,631.395,0,411.9
1996,2,1990,5,1,5.31,5.6,2.8,21.25,89.4,11005.217,1457,82.601,680.129,0,412.7
1996,2,1990,6,1,5,5.3,2.8,20.45,92.4,11005.217,1429,83.048,680.607,0,413.5
1996,3,1990,7,1,6.75,5.5,2.9,21.32,94.7,11103.935,1450,83.417,638.231,0,414.2
1996,3,1990,8,1,5.28,5.1,2.8,21.96,95.3,11103.935,1413,83.644,672.314,0,414.8
1996,3,1990,9,1,6.09,5.2,3,23.99,94.7,11103.935,1392,83.701,707.474,0,416.1
1996,4,1990,10,1,5.63,5.2,3.1,24.9,96.5,11219.238,1358,83.628,751.6,0,417.4
1996,4,1990,11,1,5.44,5.4,3.3,23.71,99.2,11219.238,1412,83.556,800.444,0,418.7
1996,4,1990,12,1,6.26,5.4,3.4,25.39,96.9,11219.238,1411,83.49,834.997,0,419.8
1997,1,1990,1,1,5.37,5.3,3,25.17,97.4,11291.665,1382,83.529,880.926,0,420.6
1997,1,1990,2,1,5.5,5.2,3,22.21,99.7,11291.665,1445,83.595,886.351,0,421.4
1997,1,1990,3,1,7.07,5.2,2.8,20.99,100,11291.665,1436,83.91,833.534,0,421.6
1997,2,1990,4,1,5.82,5.1,2.4,19.72,101.4,11479.33,1421,84.32,818.907,0,421.9
1997,2,1990,5,1,5.58,4.9,2.2,20.83,103.2,11479.33,1414,84.863,932.727,0,421.9
1997,2,1990,6,1,6.87,5,2.2,19.17,104.5,11479.33,1402,85.397,960.362,0,422.7
1997,3,1990,7,1,5.96,4.9,2.2,19.63,107.1,11622.911,1440,85.84,1050.212,0,423.2
1997,3,1990,8,1,5.52,4.8,2.3,19.93,104.4,11622.911,1449,86.149,1108.719,0,424.3
1997,3,1990,9,1,5.81,4.9,2.2,19.79,106,11622.911,1494,86.309,1110.286,0,425.3
1997,4,1990,10,1,5.56,4.7,2.1,21.26,105.6,11722.722,1499,86.406,1091.66,0,426.1
1997,4,1990,11,1,5.5,4.6,1.9,20.17,107.2,11722.722,1469,86.631,1034.126,0,426.6
1997,4,1990,12,1,5.84,4.7,1.7,18.32,102.1,11722.722,1456,86.847,1006.874,0,426.9
1998,1,1990,1,1,5.48,4.6,1.6,16.71,106.6,11839.876,1555,87.162,1014.596,0,427.4
1998,1,1990,2,1,5.57,4.6,1.4,16.06,110.4,11839.876,1647,87.372,1148.103,0,427.4
1998,1,1990,3,1,5.88,4.7,1.4,15.02,106.5,11839.876,1605,87.876,1177.995,0,427.4
1998,2,1990,4,1,5.59,4.3,1.4,15.44,108.7,11949.492,1547,88.556,1229.838,0,428
1998,2,1990,5,1,5.63,4.4,1.7,14.86,106.5,11949.492,1554,89.372,1236.824,0,429
1998,2,1990,6,1,7.06,4.5,1.6,13.66,105.6,11949.492,1551,90.193,1236.497,0,429.6
1998,3,1990,7,1,5.63,4.5,1.7,14.08,105.2,12099.191,1610,90.857,1400.389,0,430.6
1998,3,1990,8,1,5.89,4.5,1.6,13.36,104.4,12099.191,1654,91.405,1345.374,0,431.1
1998,3,1990,9,1,6.14,4.6,1.4,14.95,100.9,12099.191,1577,91.751,1304.75,0,431.4
1998,4,1990,10,1,5.35,4.5,1.5,14.39,97.4,12294.737,1719,91.999,1282.744,0,432.5
1998,4,1990,11,1,5.11,4.4,1.5,12.85,102.7,12294.737,1672,92.197,1501.894,0,433
1998,4,1990,12,1,4.07,4.4,1.6,11.28,100.5,12294.737,1742,92.443,1711.218,0,433.8
1999,1,1990,1,1,4.79,4.3,1.7,12.47,103.9,12410.778,1732,92.713,1986.98,0,434.6
1999,1,1990,2,1,4.84,4.4,1.7,12.01,108.1,12410.778,1720,92.979,1992.598,0,434.6
1999,1,1990,3,1,4.98,4.2,1.7,14.66,105.7,12410.778,1665,93.609,2028.997,0,434.8
1999,2,1990,4,1,5.03,4.3,2.3,17.34,104.6,12514.408,1600,94.435,2158.37,0,437.7
1999,2,1990,5,1,4.61,4.2,2.1,17.75,106.8,12514.408,1640,95.36,2122.408,0,438
1999,2,1990,6,1,5.12,4.3,2,17.89,107.3,12514.408,1702,96.363,2151.604,0,438
1999,3,1990,7,1,5.07,4.3,2.1,20.07,106,12679.977,1682,97.191,2346.88,0,439.8
1999,3,1990,8,1,5.57,4.2,2.3,21.26,104.5,12679.977,1671,97.897,2302.918,0,440.9
1999,3,1990,9,1,5.51,4.2,2.6,23.88,107.2,12679.977,1551,98.399,2464.777,0,442.7
1999,4,1990,10,1,5.27,4.1,2.6,22.64,103.2,12888.281,1649,98.832,2482.749,0,443.5
1999,4,1990,11,1,5.63,4.1,2.6,24.97,107.2,12888.281,1672,99.15,2882.164,0,444.3
1999,4,1990,12,1,3.99,4,2.7,26.08,105.4,12888.281,1683,99.544,3358.224,0,445.4
2000,1,2000,1,1,5.87,4,2.8,27.18,112,12935.252,1727,100,3633.109,0,446.7
2000,1,2000,2,1,5.85,4.1,3.2,29.35,111.3,12935.252,1692,100.571,4012.371,0,448.5
2000,1,2000,3,1,6.17,4,3.8,29.89,107.1,12935.252,1651,101.466,4436.54,0,451.2
2000,2,2000,4,1,6.06,3.8,3,25.74,109.2,13170.749,1597,102.54,3742.25,0,450.9
2000,2,2000,5,1,6.83,4,3.1,28.78,110.7,13170.749,1543,103.7,3412.799,0,451.7
2000,2,2000,6,1,6.86,4,3.7,31.83,106.4,13170.749,1572,104.854,3748.819,0,454.4
2000,3,2000,7,1,6.64,4,3.6,29.77,108.3,13183.89,1542,105.721,3825.931,0,455.7
2000,3,2000,8,1,6.65,4.1,3.4,31.22,107.3,13183.89,1552,106.521,3772.633,0,455.7
2000,3,2000,9,1,6.6,3.9,3.5,33.88,106.8,13183.89,1570,107.134,3742.196,0,458
2000,4,2000,10,1,6.59,3.9,3.5,33.08,105.8,13262.25,1577,107.726,3268.183,0,458.8
2000,4,2000,11,1,6.62,3.9,3.4,34.4,107.6,13262.25,1614,108.289,2943.905,0,459.6
2000,4,2000,12,1,5.41,3.9,3.4,28.46,98.4,13262.25,1543,108.789,2578.751,0,460.7
2001,1,2000,1,1,5.74,4.2,3.7,29.58,94.7,13219.251,1699,109.212,2519.1,0,463.3
2001,1,2000,2,1,5.59,4.2,3.5,29.61,90.6,13219.251,1656,109.64,2244.432,0,464.4
2001,1,2000,3,1,5.29,4.3,3,27.24,91.5,13219.251,1659,110.392,1752.668,0,464.6
2001,2,2000,4,1,4.67,4.4,3.2,27.41,88.4,13301.394,1666,111.246,1677.554,1,465.4
2001,2,2000,5,1,4.24,4.3,3.6,28.64,92,13301.394,1665,112.201,1902.629,1,467.8
2001,2,2000,6,1,3.95,4.5,3.2,27.6,92.6,13301.394,1626,113.271,1795.329,1,468.9
2001,3,2000,7,1,3.82,4.6,2.7,26.45,92.4,13248.142,1598,114.226,1693.38,1,468.1
2001,3,2000,8,1,3.66,4.9,2.7,27.47,91.5,13248.142,1615,114.987,1589.965,1,468.1
2001,3,2000,9,1,2.75,5,2.6,25.88,81.8,13248.142,1565,115.464,1250.873,1,469.9
2001,4,2000,10,1,2.66,5.3,2.1,22.21,82.7,13284.881,1566,115.679,1334.297,1,468.6
2001,4,2000,11,1,2.06,5.5,1.9,19.67,83.9,13284.881,1651,115.836,1549.63,1,468.3
2001,4,2000,12,1,1.52,5.7,1.6,19.33,88.8,13284.881,1680,116.053,1626.695,0,468.1
2002,1,2000,1,1,1.85,5.7,1.2,19.67,93,13394.91,1665,116.435,1598.36,0,468.9
2002,1,2000,2,1,1.83,5.7,1.1,20.74,90.7,13394.91,1787,116.916,1429.976,0,469.7
2002,1,2000,3,1,1.74,5.7,1.4,24.42,95.7,13394.91,1691,117.929,1486.063,0,471
2002,2,2000,4,1,1.82,5.9,1.6,26.27,93,13477.356,1669,119.208,1356.387,0,473.1
2002,2,2000,5,1,1.79,5.8,1.2,27.02,96.9,13477.356,1716,120.787,1248.524,0,473.6
2002,2,2000,6,1,1.73,5.8,1.1,25.52,92.4,13477.356,1758,122.332,1105.051,0,473.9
2002,3,2000,7,1,1.76,5.8,1.5,26.94,88.1,13531.741,1738,123.685,977.605,0,474.9
2002,3,2000,8,1,1.81,5.7,1.7,28.38,87.6,13531.741,1695,124.728,960.473,0,476.3
2002,3,2000,9,1,1.85,5.7,1.5,29.67,86.1,13531.741,1803,125.492,893.18,0,477
2002,4,2000,10,1,1.82,5.7,2,28.85,80.6,13549.421,1799,126.135,913.213,0,478.1
2002,4,2000,11,1,1.23,5.9,2.3,26.27,84.2,13549.421,1771,126.641,1057.708,0,478.9
2002,4,2000,12,1,1.16,6,2.5,29.42,86.7,13549.421,1896,127.149,1032.75,0,479.7
2003,1,2000,1,1,1.33,5.8,2.8,32.94,82.4,13619.434,1808,127.651,1035.548,0,481.8
2003,1,2000,2,1,1.33,5.9,3.1,35.87,79.9,13619.434,1854,128.326,984.153,0,484.4
2003,1,2000,3,1,1.38,5.9,3,33.55,77.6,13619.434,1757,129.308,1028.749,0,485.2
2003,2,2000,4,1,1.31,6,2.2,28.25,86,13741.107,1803,130.488,1068.609,0,483.4
2003,2,2000,5,1,1.28,6.1,1.9,28.14,92.1,13741.107,1835,131.838,1144.999,0,482.6
2003,2,2000,6,1,1.45,6.3,1.9,30.72,89.7,13741.107,1875,133.224,1214.444,0,483.1
2003,3,2000,7,1,1.04,6.2,2.1,30.76,90.9,13970.157,1885,134.645,1268.753,0,484.7
2003,3,2000,8,1,1.01,6.1,2.2,31.59,89.3,13970.157,1966,135.964,1272.499,0,486.8
2003,3,2000,9,1,1.17,6.1,2.4,28.29,87.7,13970.157,1961,137.075,1358.219,0,488.4
2003,4,2000,10,1,1.03,6,2,30.33,89.6,14131.379,2012,137.975,1395.592,0,487.9
2003,4,2000,11,1,1.01,5.8,1.9,31.09,93.7,14131.379,1918,138.764,1412.802,0,488.1
2003,4,2000,12,1,0.94,5.7,2,32.15,92.6,14131.379,1987,139.627,1427.079,0,489.4
2004,1,2000,1,1,1.03,5.7,2,34.27,103.8,14212.34,1952,140.706,1521.304,0,491.6
2004,1,2000,2,1,1.04,5.6,1.7,34.74,94.4,14212.34,1966,142.029,1485.366,0,492.6
2004,1,2000,3,1,1.05,5.8,1.7,36.76,95.8,14212.34,2066,144.08,1428.936,0,493.7
2004,2,2000,4,1,1.03,5.6,2.3,36.69,94.2,14323.017,2070,146.179,1469.313,0,494.5
2004,2,2000,5,1,1.02,5.6,2.9,40.28,90.2,14323.017,2150,148.333,1418.101,0,496.6
2004,2,2000,6,1,1.38,5.6,3.2,38.02,95.6,14323.017,2020,150.517,1478.161,0,498.4
2004,3,2000,7,1,1.29,5.5,2.9,40.69,96.7,14457.832,2112,152.336,1416.953,0,498.9
2004,3,2000,8,1,1.55,5.4,2.5,44.94,95.9,14457.832,2056,153.813,1355.506,0,499.2
2004,3,2000,9,1,1.94,5.4,2.5,45.95,94.2,14457.832,2041,155.107,1404.812,0,500.8
2004,4,2000,10,1,1.79,5.5,3.2,53.13,91.7,14605.595,2097,156.298,1452.056,0,503.4
2004,4,2000,11,1,2.02,5.4,3.6,48.46,92.8,14605.595,2079,157.496,1545.591,0,505.8
2004,4,2000,12,1,1.97,5.4,3.3,43.33,97.1,14605.595,2082,158.67,1612.143,0,505.8
2005,1,2000,1,1,2.5,5.3,2.8,46.84,95.5,14767.846,2139,160.13,1539.802,0,505.5
2005,1,2000,2,1,2.52,5.4,3.1,47.97,94.1,14767.846,2114,161.924,1521.409,0,507.7
2005,1,2000,3,1,2.96,5.2,3.2,54.31,92.6,14767.846,2062,164.576,1499.492,0,509.5
2005,2,2000,4,1,2.97,5.2,3.4,53.04,87.7,14839.707,2150,166.999,1447.271,0,511.1
2005,2,2000,5,1,3.09,5.1,2.9,49.83,86.9,14839.707,2085,169.544,1489.885,0,510.8
2005,2,2000,6,1,3.35,5,2.5,56.26,96,14839.707,2178,172.015,1528.198,0,511.1
2005,3,2000,7,1,3.31,5,3.1,58.7,96.5,14956.291,2203,174.096,1566.916,0,514.2
2005,3,2000,8,1,3.63,4.9,3.6,64.97,89.1,14956.291,2219,175.921,1587.071,0,517.4
2005,3,2000,9,1,3.93,5,4.7,65.57,76.9,14956.291,2263,177.609,1586.548,0,524.5
2005,4,2000,10,1,4.02,5,4.4,62.37,74.2,15041.232,2170,178.751,1560.81,0,525.3
2005,4,2000,11,1,4.03,5,3.3,58.3,81.6,15041.232,2218,179.674,1653.789,0,522.7
2005,4,2000,12,1,4.09,4.9,3.3,59.43,91.5,15041.232,2120,180.107,1684.789,0,522.7
2006,1,2000,1,1,4.47,4.7,4,65.51,91.2,15244.088,2212,180.827,1713.948,0,525.9
2006,1,2000,2,1,4.52,4.8,3.6,61.63,86.7,15244.088,2141,181.499,1671.262,0,526.1
2006,1,2000,3,1,5,4.7,3.4,62.9,88.9,15244.088,2118,182.749,1678.677,0,526.9
2006,2,2000,4,1,4.86,4.7,3.6,69.69,87.4,15281.525,1998,183.648,1714.697,0,529.6
2006,2,2000,5,1,5.05,4.6,4,70.94,79.1,15281.525,1905,184.38,1637.648,0,531.1
2006,2,2000,6,1,5.05,4.6,4.2,70.96,84.9,15281.525,1867,184.547,1560.091,0,532.5
2006,3,2000,7,1,5.31,4.7,4.1,74.41,84.7,15304.517,1763,184.607,1501.471,0,535.4
2006,3,2000,8,1,5.31,4.7,3.9,73.05,82,15304.517,1722,184.404,1534.339,0,537.7
2006,3,2000,9,1,5.34,4.5,2,63.87,85.4,15304.517,1655,184.198,1621.182,0,535.1
2006,4,2000,10,1,5.31,4.4,1.4,58.88,93.6,15433.643,1570,184.054,1704.203,0,532.7
2006,4,2000,11,1,5.31,4.5,2,59.37,92.1,15433.643,1535,183.632,1770.276,0,533
2006,4,2000,12,1,5.17,4.4,2.5,62.03,91.7,15433.643,1638,183.23,1780.677,0,535.9
2007,1,2000,1,1,5.33,4.6,2.1,54.57,96.9,15478.956,1626,182.718,1796.384,0,536.8
2007,1,2000,2,1,5.41,4.5,2.4,59.26,91.3,15478.956,1598,182.471,1806.033,0,538.9
2007,1,2000,3,1,5.3,4.4,2.8,60.56,88.4,15478.956,1596,182.194,1759.321,0,541.7
2007,2,2000,4,1,5.29,4.5,2.6,63.97,87.1,15577.779,1470,182.131,1832.813,0,543.3
2007,2,2000,5,1,5.28,4.4,2.7,63.46,88.3,15577.779,1493,181.885,1895.678,0,545.5
2007,2,2000,6,1,5.31,4.6,2.7,67.48,85.3,15577.779,1407,181.541,1922.045,0,546.8
2007,3,2000,7,1,5.28,4.7,2.3,74.18,90.4,15671.605,1361,180.994,1999.071,0,547.8
2007,3,2000,8,1,4.96,4.6,1.9,72.39,83.4,15671.605,1321,180.236,1931.267,0,547.9
2007,3,2000,9,1,4.58,4.7,2.8,79.93,83.4,15671.605,1261,179.123,2024.282,0,550.3
2007,4,2000,10,1,4.6,4.7,3.6,86.2,80.9,15767.146,1192,177.53,2164.635,0,552
2007,4,2000,11,1,4.66,4.7,4.4,94.62,76.1,15767.146,1224,175.161,2080.261,0,556.3
2007,4,2000,12,1,3.06,5,4.1,91.73,75.5,15767.146,1149,173.338,2089.83,0,557.9
2008,1,2000,1,1,3.22,5,4.3,92.95,78.4,15702.906,1094,171.079,1886.383,1,559.8
2008,1,2000,2,1,3.01,4.9,4.1,95.35,70.8,15702.906,1014,169.193,1784.93,1,561.2
2008,1,2000,3,1,2.51,5.1,4,105.56,69.5,15702.906,967,167.906,1748.168,1,563.2
2008,2,2000,4,1,2.37,5,3.9,112.57,62.6,15792.773,1008,167.325,1868.32,1,564.5
2008,2,2000,5,1,1.98,5.4,4.1,125.39,59.8,15792.773,995,167.022,1990.948,1,567.8
2008,2,2000,6,1,2.47,5.6,4.9,133.93,56.4,15792.773,1180,166.538,1950.3,1,573.8
2008,3,2000,7,1,2.09,5.8,5.5,133.44,61.2,15709.562,921,165.714,1830.953,1,577.9
2008,3,2000,8,1,1.94,6.1,5.3,116.61,63,15709.562,858,164.278,1905.027,1,577
2008,3,2000,9,1,2.03,6.1,5,103.9,70.3,15709.562,797,161.913,1710.003,1,577.5
2008,4,2000,10,1,0.22,6.5,3.7,76.65,57.6,15366.607,736,159.163,1328.561,1,572.5
2008,4,2000,11,1,0.52,6.8,1.1,57.44,55.3,15366.607,626,156.071,1199.074,1,562.4
2008,4,2000,12,1,0.14,7.3,0,41.02,60.1,15366.607,554,152.543,1188.241,1,557.8
2009,1,2000,1,1,0.23,7.8,-0.1,41.74,61.2,15187.475,545,149.36,1206.451,1,559.2
2009,1,2000,2,1,0.22,8.3,0,39.16,56.3,15187.475,558,147.615,1199.413,1,561.2
2009,1,2000,3,1,0.16,8.7,-0.4,47.98,57.3,15187.475,513,146.513,1167.309,1,560.7
2009,2,2000,4,1,0.2,9,-0.6,49.79,65.1,15161.772,521,146.942,1332.158,1,561.2
2009,2,2000,5,1,0.19,9.4,-1,59.16,68.7,15161.772,556,148.17,1393.473,1,562.1
2009,2,2000,6,1,0.22,9.5,-1.2,69.68,70.8,15161.772,601,149.796,1472.158,1,566.7
2009,3,2000,7,1,0.18,9.5,-2,64.09,66,15216.647,595,150.747,1515.801,0,566.6
2009,3,2000,8,1,0.15,9.6,-1.5,71.06,65.7,15216.647,616,150.665,1617.945,0,568.5
2009,3,2000,9,1,0.07,9.8,-1.4,69.46,73.5,15216.647,609,149.624,1688.013,0,569.6
2009,4,2000,10,1,0.11,10,-0.2,75.82,70.6,15379.155,583,148.581,1722.001,0,571.3
2009,4,2000,11,1,0.13,9.9,1.9,78.08,67.4,15379.155,623,147.936,1761.787,0,573.2
2009,4,2000,12,1,0.05,9.9,2.8,74.3,72.5,15379.155,664,146.663,1816.541,0,573.5
2010,1,2010,1,1,0.12,9.8,2.6,78.22,74.4,15456.059,636,145.003,1850.219,0,573.8
2010,1,2010,2,1,0.13,9.8,2.2,76.42,73.6,15456.059,650,143.055,1784.735,0,573.3
2010,1,2010,3,1,0.09,9.9,2.3,81.24,73.6,15456.059,687,143.597,1920.616,0,573.5
2010,2,2010,4,1,0.2,9.9,2.2,84.48,72.2,15605.628,637,145.401,2010.96,0,573.6
2010,2,2010,5,1,0.19,9.6,2,73.84,73.6,15605.628,575,147.036,1893.219,0,573.3
2010,2,2010,6,1,0.09,9.4,1.1,75.35,76,15605.628,587,147.701,1847.175,0,573.1
2010,3,2010,7,1,0.18,9.4,1.3,76.37,67.8,15726.282,579,147.561,1827.205,0,574.2
2010,3,2010,8,1,0.21,9.5,1.2,76.82,68.9,15726.282,580,146.425,1839.075,0,575
2010,3,2010,9,1,0.15,9.5,1.1,75.31,68.2,15726.282,563,144.607,1939.883,0,575.9
2010,4,2010,10,1,0.2,9.4,1.2,81.9,67.7,15807.995,558,143.129,2066.017,0,577.9
2010,4,2010,11,1,0.2,9.8,1.1,84.14,71.6,15807.995,560,141.822,2148.408,0,579.4
2010,4,2010,12,1,0.13,9.3,1.4,89.04,74.5,15807.995,632,140.635,2211.412,0,581.7
2011,1,2010,1,1,0.17,9.1,1.7,89.42,74.2,15769.911,576,139.046,2291.243,0,583.6
2011,1,2010,2,1,0.16,9,2.1,89.58,77.5,15769.911,542,137.742,2353.393,0,585.5
2011,1,2010,3,1,0.1,9,2.6,102.94,67.5,15769.911,583,137.794,2298.652,0,588.5
2011,2,2010,4,1,0.09,9.1,3.1,110.04,69.8,15876.839,581,139.163,2344.074,0,591.3
2011,2,2010,5,1,0.1,9,3.5,101.33,74.3,15876.839,618,140.695,2364.606,0,593.2
2011,2,2010,6,1,0.07,9.1,3.5,96.29,71.5,15876.839,636,141.947,2255.073,0,593.2
2011,3,2010,7,1,0.11,9,3.6,97.19,63.7,15870.684,621,142.343,2379.449,0,594.7
2011,3,2010,8,1,0.08,9,3.8,86.33,55.8,15870.684,647,141.786,2173.813,0,596.6
2011,3,2010,9,1,0.06,9,3.8,85.61,59.5,15870.684,610,140.168,2224.473,0,597.9
2011,4,2010,10,1,0.09,8.8,3.5,86.41,60.8,16048.702,671,138.409,2298.662,0,598.3
2011,4,2010,11,1,0.1,8.6,3.5,97.21,63.7,16048.702,706,136.665,2291.78,0,599.4
2011,4,2010,12,1,0.04,8.5,3.1,98.57,69.9,16048.702,697,135.167,2279.224,0,599.5
2012,1,2010,1,1,0.11,8.3,3,100.24,75,16179.968,712,134.166,2404.275,0,601.2
2012,1,2010,2,1,0.1,8.3,2.9,102.25,75.3,16179.968,738,133.995,2567.013,0,602.5
2012,1,2010,3,1,0.09,8.2,2.6,106.19,76.2,16179.968,806,135.865,2698.972,0,603.7
2012,2,2010,4,1,0.16,8.2,2.3,103.33,76.4,16253.726,732,138.476,2716.098,0,604.7
2012,2,2010,5,1,0.16,8.2,1.7,94.7,79.3,16253.726,796,141.054,2589.02,0,603.5
2012,2,2010,6,1,0.09,8.2,1.7,82.41,73.2,16253.726,794,143.173,2549.899,0,603
2012,3,2010,7,1,0.13,8.2,1.4,87.93,72.3,16282.151,849,144.282,2605.679,0,603.1
2012,3,2010,8,1,0.13,8.1,1.7,94.16,74.3,16282.151,840,144.705,2739.133,0,606.6
2012,3,2010,9,1,0.09,7.8,1.9,94.72,78.3,16282.151,930,144.358,2820.917,0,609.5
2012,4,2010,10,1,0.18,7.8,2.2,89.57,82.6,16300.035,887,143.97,2735.885,0,611.2
2012,4,2010,11,1,0.16,7.7,1.8,86.66,82.7,16300.035,917,143.964,2616.618,0,610.2
2012,4,2010,12,1,0.09,7.9,1.8,88.25,72.9,16300.035,941,143.872,2658.755,0,610.1
2013,1,2010,1,1,0.15,8,1.7,94.69,73.8,16441.485,940,144.314,2736.901,0,611.3
2013,1,2010,2,1,0.14,7.7,2,95.32,77.6,16441.485,980,145.162,2748.192,0,614.6
2013,1,2010,3,1,0.09,7.5,1.5,93.05,78.6,16441.485,936,147.962,2795.326,0,612.9
2013,2,2010,4,1,0.14,7.6,1.1,92.07,76.4,16464.402,1012,150.973,2818.563,0,611.6
2013,2,2010,5,1,0.09,7.5,1.4,94.8,84.5,16464.402,1003,153.866,2981.188,0,611.9
2013,2,2010,6,1,0.07,7.5,1.7,95.8,84.1,16464.402,942,156.436,2937.307,0,613.3
2013,3,2010,7,1,0.09,7.3,1.9,104.61,85.1,16594.743,997,158.297,3033.035,0,614.5
2013,3,2010,8,1,0.07,7.2,1.5,106.57,82.1,16594.743,964,159.405,3105.465,0,616
2013,3,2010,9,1,0.06,7.2,1.1,106.29,77.5,16594.743,1004,159.682,3187.53,0,616.2
2013,4,2010,10,1,0.07,7.2,0.9,100.54,73.2,16712.76,1044,159.562,3291.952,0,616.5
2013,4,2010,11,1,0.07,6.9,1.2,93.86,75.1,16712.76,1029,159.367,3399.446,0,617.7
2013,4,2010,12,1,0.07,6.7,1.5,97.63,82.5,16712.76,1005,159.284,3513.761,0,619.3
2014,1,2010,1,1,0.07,6.6,1.6,94.62,81.2,16654.247,976,159.375,3557.89,0,620.8
2014,1,2010,2,1,0.06,6.7,1.1,100.82,81.6,16654.247,1039,159.881,3614.947,0,621.5
2014,1,2010,3,1,0.06,6.7,1.6,100.8,80,16654.247,1067,161.198,3661.111,0,622.8
2014,2,2010,4,1,0.09,6.2,2,102.07,84.1,16868.109,1090,162.976,3554.45,0,623.9
2014,2,2010,5,1,0.08,6.3,2.2,102.18,81.9,16868.109,1018,164.69,3621.108,0,625.1
2014,2,2010,6,1,0.09,6.1,2.1,105.79,82.5,16868.109,1010,166.219,3792.107,0,625.9
2014,3,2010,7,1,0.08,6.2,2,103.59,81.8,17064.616,1076,167.142,3926.736,0,626.6
2014,3,2010,8,1,0.07,6.1,1.7,96.54,82.5,17064.616,1047,167.457,3979.402,0,626.5
2014,3,2010,9,1,0.07,5.9,1.7,93.21,84.6,17064.616,1077,167.249,4070.295,0,626.6
2014,4,2010,10,1,0.07,5.7,1.6,84.4,86.9,17141.235,1094,166.918,3964.637,0,626.5
2014,4,2010,11,1,0.08,5.8,1.2,75.79,88.8,17141.235,1059,166.667,4221.091,0,625.3
2014,4,2010,12,1,0.06,5.6,0.7,59.29,93.6,17141.235,1072,166.472,4260.77,0,623.4
2015,1,2010,1,1,0.06,5.7,-0.2,47.22,98.1,17280.647,1049,166.266,4182.642,0,619.4
2015,1,2010,2,1,0.06,5.5,-0.1,50.58,95.4,17280.647,1127,166.651,4343.405,0,621
2015,1,2010,3,1,0.06,5.4,0,47.82,93,17280.647,1072,168.107,4389.158,0,622.6
2015,2,2010,4,1,0.08,5.4,-0.1,54.45,95.9,17380.875,1166,169.982,4418.906,0,623.3
2015,2,2010,5,1,0.08,5.6,0,59.27,90.7,17380.875,1272,171.86,4476.386,0,625.3
2015,2,2010,6,1,0.08,5.3,0.2,59.82,96.1,17380.875,1379,173.46,4481.683,0,627.1
2015,3,2010,7,1,0.08,5.2,0.2,50.9,93.1,17437.08,1140,174.506,4528.311,0,628.1
2015,3,2010,8,1,0.08,5.1,0.2,42.87,91.9,17437.08,1165,174.95,4422.328,0,628.1
2015,3,2010,9,1,0.07,5,0,45.48,87.2,17437.08,1144,175.06,4261.608,0,626.6
2015,4,2010,10,1,0.07,5,0.1,46.22,90,17462.579,1160,175.067,4445.489,0,627.3
2015,4,2010,11,1,0.08,5.1,0.4,42.44,91.3,17462.579,1244,175.163,4653.221,0,628
2015,4,2010,12,1,0.2,5,0.6,37.19,92.6,17462.579,1212,175.139,4628.013,0,627.3
2016,1,2010,1,1,0.29,4.8,1.2,31.68,92,17565.465,1161,175.059,4259.324,0,627.1
2016,1,2010,2,1,0.29,4.9,0.8,30.32,91.7,17565.465,1187,175.303,4129.566,0,626.2
2016,1,2010,3,1,0.25,5,0.9,37.55,91,17565.465,1114,176.624,4377.111,0,628.2
2016,2,2010,4,1,0.3,5.1,1.2,40.75,89,17618.581,1158,178.516,4491.744,0,630.6
2016,2,2010,5,1,0.29,4.8,1.1,46.71,94.7,17618.581,1196,180.363,4379.427,0,632.1
2016,2,2010,6,1,0.3,4.9,1.1,48.76,93.5,17618.581,1208,181.935,4426.978,0,633.8
2016,3,2010,7,1,0.3,4.8,0.9,44.65,90,17724.489,1190,183.037,4592.553,0,633.5
2016,3,2010,8,1,0.3,4.9,1.1,44.72,89.8,17724.489,1205,183.675,4785.706,0,634.7
2016,3,2010,9,1,0.29,5,1.5,45.18,91.2,17724.489,1280,183.966,4813.312,0,636.3
2016,4,2010,10,1,0.31,4.9,1.7,49.78,87.2,17812.56,1278,184.044,4845.312,0,637.8
2016,4,2010,11,1,0.31,4.7,1.7,45.66,93.8,17812.56,1236,184.258,4791.78,0,638.6
2016,4,2010,12,1,0.55,4.7,2.1,51.97,98.2,17812.56,1252,184.43,4886.329,0,640.2
2017,1,2010,1,1,0.56,4.7,2.5,52.5,98.5,17896.623,1301,184.683,5056.799,0,642.8
2017,1,2010,2,1,0.57,4.6,2.8,53.47,96.3,17896.623,1240,185.049,5261.226,0,643.8
2017,1,2010,3,1,0.82,4.4,2.4,49.33,96.9,17896.623,1285,186.553,5386.221,0,643.5
2017,2,2010,4,1,0.83,4.4,2.2,51.06,97,17996.802,1258,188.561,5447.857,0,644.3
2017,2,2010,5,1,0.83,4.4,1.9,48.48,97.1,17996.802,1209,190.559,5687.36,0,643.8
2017,2,2010,6,1,1.06,4.3,1.6,45.18,95,17996.802,1329,192.294,5766.963,0,644.2
2017,3,2010,7,1,1.07,4.3,1.7,46.63,93.4,18126.226,1264,193.546,5816.113,0,644.4
2017,3,2010,8,1,1.07,4.4,1.9,48.04,96.8,18126.226,1314,194.385,5874.417,0,646.9
2017,3,2010,9,1,1.06,4.3,2.2,49.82,95.1,18126.226,1257,194.857,5954.935,0,650.2
2017,4,2010,10,1,1.07,4.2,2,51.58,100.7,18296.685,1346,195.123,6088.49,0,650.7
2017,4,2010,11,1,1.07,4.2,2.2,56.64,98.5,18296.685,1302,195.489,6328.193,0,652.5
2017,4,2010,12,1,1.33,4.1,2.1,57.88,95.9,18296.685,1309,195.885,6397.973,0,653.8
2018,1,2010,1,1,1.34,4,2.1,63.7,95.7,18436.262,1352,196.153,6790.467,0,656.3
2018,1,2010,2,1,1.35,4.1,2.2,62.23,99.7,18436.262,1332,196.942,6704.425,0,658.2
2018,1,2010,3,1,1.67,4,2.3,62.73,101.4,18436.262,1407,198.61,6844.887,0,658.5
2018,2,2010,4,1,1.69,4,2.4,66.25,98.8,18590.004,1391,200.651,6606.895,0,660
2018,2,2010,5,1,1.7,3.8,2.8,69.98,98,18590.004,1331,202.487,6875.933,0,661.7
2018,2,2010,6,1,1.91,4,2.8,67.87,98.2,18590.004,1320,204.075,7159.602,0,662.6
2018,3,2010,7,1,1.91,3.8,2.9,70.98,97.9,18679.599,1328,204.98,7296.625,0,663.1
2018,3,2010,8,1,1.91,3.8,2.7,68.06,96.2,18679.599,1264,205.356,7453.09,0,664.2
2018,3,2010,9,1,2.18,3.7,2.4,70.23,100.1,18679.599,1289,205.406,7527.98,0,665.5
2018,4,2010,10,1,2.2,3.8,2.5,70.75,98.6,18721.281,1275,205.406,7171.58,0,667.2
2018,4,2010,11,1,2.2,3.8,2.2,56.96,97.5,18721.281,1318,205.147,6855.029,0,666.6
2018,4,2010,12,1,2.4,3.9,1.9,49.52,98.3,18721.281,1338,204.739,6497.98,0,666.4
2019,1,2010,1,1,2.4,4,1.5,51.38,91.2,18833.195,1295,204.246,6619.82,0,666.1
2019,1,2010,2,1,2.4,3.8,1.5,54.95,93.8,18833.195,1304,204.476,7021.051,0,667.9
2019,1,2010,3,1,2.43,3.8,1.9,58.15,98.4,18833.195,1316,205.823,7254.176,0,670.9
2019,2,2010,4,1,2.45,3.6,2,63.86,97.2,18982.528,1337,207.735,7661.904,0,673.3
2019,2,2010,5,1,2.4,3.6,1.8,60.83,100,18982.528,1337,209.401,7480.984,0,673.7
2019,2,2010,6,1,2.4,3.6,1.7,54.66,98.2,18982.528,1276,210.645,7505.149,0,673.8
2019,3,2010,7,1,2.4,3.7,1.8,57.35,98.4,19112.653,1369,211.404,7897.83,0,675.2
2019,3,2010,8,1,2.13,3.7,1.8,54.81,89.8,19112.653,1479,211.765,7619.755,0,675.9
2019,3,2010,9,1,1.9,3.5,1.7,56.95,93.2,19112.653,1439,211.941,7813.959,0,677
2019,4,2010,10,1,1.58,3.6,1.8,53.96,95.5,19202.31,1509,212.032,7859.7,0,678.9
2019,4,2010,11,1,1.56,3.6,2,57.03,96.8,19202.31,1509,212.167,8284.357,0,680.2
2019,4,2010,12,1,1.55,3.6,2.3,59.88,99.3,19202.31,1453,212.294,8527.362,0,681.4
2020,1,2020,1,1,1.59,3.5,2.5,57.52,99.8,18951.992,1550,212.451,9031.151,0,682.5
2020,1,2020,2,1,1.58,3.5,2.3,50.54,101,18951.992,1478,213.266,9297.462,0,683.4
2020,1,2020,3,1,0.08,4.4,1.5,29.21,89.1,18951.992,1382,215.241,7835.443,1,681.2
2020,2,2020,4,1,0.05,14.7,0.4,16.55,71.8,17258.205,1094,217.292,8436.999,1,675.7
2020,2,2020,5,1,0.05,13.2,0.2,28.56,72.3,17258.205,1246,218.549,9208.012,0,675.3
2020,2,2020,6,1,0.08,11,0.7,38.31,78.1,17258.205,1296,219.878,9898.711,0,678.7
2020,3,2020,7,1,0.1,10.2,1,40.71,72.5,18560.774,1542,221.642,10658.309,0,682.2
2020,3,2020,8,1,0.09,8.4,1.3,42.34,74.1,18560.774,1522,224.125,11406.495,0,684.9
2020,3,2020,9,1,0.09,7.9,1.4,39.63,80.4,18560.774,1589,226.884,11330.842,0,686.5
2020,4,2020,10,1,0.09,6.9,1.2,39.4,81.8,18767.778,1595,229.899,11604.979,0,686.9
2020,4,2020,11,1,0.09,6.7,1.1,40.94,76.9,18767.778,1696,232.406,11893.281,0,687.9
2020,4,2020,12,1,0.09,6.7,1.3,47.02,80.7,18767.778,1758,234.456,12622.083,0,690.1
2021,1,2020,1,1,0.07,6.4,1.4,52,79,19055.655,1883,236.505,13048.074,0,691.8
2021,1,2020,2,1,0.07,6.2,1.7,59.04,76.8,19055.655,1726,239.259,13473.78,0,694.8
2021,1,2020,3,1,0.06,6,2.7,62.33,84.9,19055.655,1755,244.248,12900.192,0,699.3
2021,2,2020,4,1,0.05,6,4.2,61.72,88.3,19368.31,1733,249.867,13832.341,0,703.8
2021,2,2020,5,1,0.05,5.8,4.9,65.17,82.9,19368.31,1683,255.496,13466.804,0,708.7
2021,2,2020,6,1,0.08,5.9,5.3,71.38,85.5,19368.31,1594,261.226,14064.488,0,714.9
2021,3,2020,7,1,0.07,5.4,5.3,72.49,81.2,19478.893,1630,265.567,14849.663,0,718.2
2021,3,2020,8,1,0.06,5.2,5.2,67.73,70.3,19478.893,1721,268.88,15173.003,0,720.6
2021,3,2020,9,1,0.06,4.7,5.4,71.65,72.8,19478.893,1586,271.42,15315.131,0,723.5
2021,4,2020,10,1,0.07,4.6,6.2,81.48,71.7,19810.572,1653,273.58,15143.725,0,729.8
2021,4,2020,11,1,0.07,4.2,6.8,79.15,67.4,19810.572,1717,276.086,16237.205,0,734.9
2021,4,2020,12,1,0.07,3.9,7.1,71.71,70.6,19810.572,1885,278.629,16135.422,0,739.1
